<?xml version="1.0" encoding="UTF-8" ?>
<module>
    <name>iqitaddthisplugin</name>
    <displayName><![CDATA[IQITADDTHISPLUGIN - Addthis plugin on product page]]></displayName>
    <version><![CDATA[1.0.1]]></version>
    <description><![CDATA[Show Addthis plugin on product page]]></description>
    <author><![CDATA[IQIT-COMMERCE.COM]]></author>
    <tab><![CDATA[front_office_features]]></tab>
    <is_configurable>1</is_configurable>
    <need_instance>1</need_instance>
	<limited_countries></limited_countries>
</module>