<?xml version="1.0" encoding="UTF-8" ?>
<module>
    <name>iqitwishlist</name>
    <displayName><![CDATA[IQITWISHLIST]]></displayName>
    <version><![CDATA[1.0.0]]></version>
    <description><![CDATA[Allow customers to create wishlists which can share.]]></description>
    <author><![CDATA[iqit-commerce.com]]></author>
    <tab><![CDATA[front_office_features]]></tab>
    <is_configurable>1</is_configurable>
    <need_instance>0</need_instance>
	<limited_countries></limited_countries>
</module>