<?xml version="1.0" encoding="UTF-8" ?>
<module>
    <name>iqitcontactpage</name>
    <displayName><![CDATA[IQITCONTACTPAGE - Custom contact page with map + contact block on footer]]></displayName>
    <version><![CDATA[1.0.0]]></version>
    <description><![CDATA[Contacts information and map on contact form page]]></description>
    <author><![CDATA[IQIT-COMMERCE.COM]]></author>
    <tab><![CDATA[front_office_features]]></tab>
    <is_configurable>1</is_configurable>
    <need_instance>1</need_instance>
	<limited_countries></limited_countries>
</module>