{"g_layout":"wide","g_max_width":"1270px","g_sidebars_width":"wide","g_margin_tb":"36","g_boxshadow":"{\"switch\":\"0\",\"color\":\"\",\"blur\":\"0\",\"spread\":\"0\",\"horizontal\":\"0\",\"vertical\":\"0\"}","g_border":"{\"type\":\"none\",\"width\":\"1\",\"color\":\"\"}","g_bg_color":"","g_bg_image":"","g_bg_attachment":"fixed","g_bg_repeat":"repeat","g_bg_position":"left-top","g_bg_size":"auto","rm_logo":"","rm_padding":"20","rm_breakpoint":"0","rm_pinch_zoom":"0","rm_header":"1","rm_sticky":"0","rm_bg_color":"","rm_boxshadow":"{\"switch\":\"0\",\"color\":\"\",\"blur\":\"0\",\"spread\":\"0\",\"horizontal\":\"0\",\"vertical\":\"0\"}","rm_border":"{\"type\":\"solid\",\"width\":\"1\",\"color\":\"#e3e3e3\"}","rm_link_border":"{\"type\":\"none\",\"width\":\"1\",\"color\":\"\"}","rm_link_label":"0","rm_link_padding":"5","rm_link_bg":"#c9c9c9","rm_link_color":"#777777","rm_link_h_bg":"#bababa","rm_link_h_color":"#333333","rm_footer_collapse":"1","op_preloader":"0","op_preloader_icon_pre":"1","op_preloader_bg":"#ffffff","op_preloader_size":"38","op_preloader_icon_color":"#6b6b6b","op_to_top_style":"1","op_to_top_bg_color":"#000000","op_to_top_link_color":"#ffffff","op_to_top_bg_h_color":"#333333","op_to_top_link_h_color":"#ffffff","op_scrollbar":"0","op_scrollbar_color":"#000000","op_scrollbar_color_bg":"#ffffff","typo_font_include":"","typo_bfont_t":"google","typo_bfont_g_url":"https:\/\/fonts.googleapis.com\/css?family=Karla:400,700","typo_bfont_g_name":"'Karla', sans-serif","typo_bfont_s_name":"Arial, Helvetica, sans-serif","typo_bfont_c_name":"kumar_oneregular","typo_bfont_size":"14","typo_bfont_lineheight":"1.4","typo_bfont_size_m":"12","typo_hfont_t":"same","typo_hfont_g_url":"https:\/\/fonts.googleapis.com\/css?family=Spirax","typo_hfont_g_name":"'Spirax', cursive","typo_hfont_s_name":"Arial, Helvetica, sans-serif","typo_hfont_c_name":"","cart_style":"floating","cart_confirmation":"modal","cart_bg":"#ffffff","cart_border":"{\"type\":\"none\",\"width\":\"1\",\"color\":\"\"}","cart_boxshadow":"{\"switch\":\"1\",\"color\":\"rgba(0,0,0,0.15)\",\"blur\":\"30\",\"spread\":\"0\",\"horizontal\":\"0\",\"vertical\":\"6\"}","cart_inner_border":"","cart_inner_text":"","btn_default_bg":"#f8f8f8","btn_default_txt":"#333333","btn_default_border":"{\"type\":\"none\",\"width\":\"1\",\"color\":\"#f0f0f0\"}","btn_default_bg_h":"#dedede","btn_default_txt_h":"#2e2e2e","btn_default_border_h":"","btn_action_bg":"#000000","btn_action_txt":"#ffffff","btn_action_border":"{\"type\":\"none\",\"width\":\"1\",\"color\":\"\"}","btn_action_bg_h":"#333333","btn_action_txt_h":"#ffffff","btn_action_border_h":"","bread_status":"1","bread_width":"inherit","bread_layout":"","bread_padding_tb":"10","bread_padding_lr":"0","bread_txt":"#8f8f8f","bread_font":"{\"size\":\"12\",\"bold\":null,\"italic\":null,\"uppercase\":null,\"spacing\":\"\"}","bread_boxshadow":"{\"switch\":\"0\",\"color\":\"\",\"blur\":\"0\",\"spread\":\"0\",\"horizontal\":\"0\",\"vertical\":\"0\"}","bread_bg_color":"","bread_bg_image":"","bread_bg_attachment":"fixed","bread_bg_repeat":"repeat","bread_bg_position":"left-top","bread_bg_size":"contain","form_input_bg":"#ffffff","form_input_txt":"#777777","form_input_boxshadow":"{\"switch\":\"0\",\"color\":\"\",\"blur\":\"0\",\"spread\":\"0\",\"horizontal\":\"0\",\"vertical\":\"0\"}","form_input_border":"{\"type\":\"solid\",\"width\":\"1\",\"color\":\"#e3e3e3\"}","form_input_bg_h":"","form_input_boxshadow_h":"{\"switch\":\"0\",\"color\":\"\",\"blur\":\"0\",\"spread\":\"0\",\"horizontal\":\"0\",\"vertical\":\"0\"}","form_input_border_c_h":"#8a8a8a","form_radio_checked":"#000000","form_radio_bg":"#ffffff","form_radio_border":"#e3e3e3","form_dropdown_txt":"#474747","form_dropdown_bg":"#ffffff","form_dropdown_border":"{\"type\":\"solid\",\"width\":\"1\",\"color\":\"#e3e3e3\"}","form_dropdown_boxshadow":"{\"switch\":\"0\",\"color\":\"rgba(0,0,0,0.15)\",\"blur\":\"30\",\"spread\":\"0\",\"horizontal\":\"6\",\"vertical\":\"0\"}","form_tooltip_txt":"#ffffff","form_tooltip_bg":"#333333","modals_overlay":"rgba(194,194,194,0.7)","modals_bg":"#ffffff","modals_border":"{\"type\":\"none\",\"width\":\"1\",\"color\":\"\"}","modals_boxshadow":"{\"switch\":\"0\",\"color\":\"\",\"blur\":\"0\",\"spread\":\"0\",\"horizontal\":\"0\",\"vertical\":\"0\"}","modals_n_txt":"#ffffff","modals_n_bg":"#ca5058","modals_n_border":"{\"type\":\"none\",\"width\":\"1\",\"color\":\"\"}","modals_n_boxshadow":"{\"switch\":\"0\",\"color\":\"\",\"blur\":\"0\",\"spread\":\"0\",\"horizontal\":\"0\",\"vertical\":\"0\"}","lp_price":"#ad1f00","lp_ratings":"#e0d041","lp_label_style":"","lp_label_font":"{\"size\":\"11\",\"bold\":null,\"italic\":null,\"uppercase\":null,\"spacing\":\"\"}","lp_new_l_bg":"#969696","lp_new_l_txt":"#ffffff","lp_sale_l_bg":"#eba53d","lp_sale_l_txt":"#ffffff","lp_online_l_bg":"#e0e0e0","lp_online_l_txt":"#000000","lp_intstock_l_bg":"#67a675","lp_intstock_l_txt":"#ffffff","lp_outstock_l_bg":"#a17738","lp_outstock_l_txt":"#fff7f7","sm_facebook":"facebook url","sm_twitter":"twitter url","sm_youtube":"youtube url","sm_google":"google url","sm_instagram":"instagram url","sm_pinterest":"pintrest url","sm_vimeo":"vimeo url","hw_padding_tb":"0","hw_boxshadow":"{\"switch\":\"0\",\"color\":\"\",\"blur\":\"0\",\"spread\":\"0\",\"horizontal\":\"0\",\"vertical\":\"0\"}","hw_border_t":"{\"type\":\"none\",\"width\":\"1\",\"color\":\"\"}","hw_border_b":"{\"type\":\"none\",\"width\":\"1\",\"color\":\"\"}","hw_border_r":"{\"type\":\"none\",\"width\":\"1\",\"color\":\"\"}","hw_bg_color":"","hw_bg_image":"","hw_bg_attachment":"fixed","hw_bg_repeat":"repeat","hw_bg_position":"left-top","hw_bg_size":"auto","hw_width":"inherit","h_layout":"1","h_absolute":"0","h_absolute_wrapper_bg":"","h_sticky":"menu","h_sticky_bg":"#000000","h_sticky_padding":"5","h_logo_position":"left","h_padding":"25","h_text_color":"#777777","h_link_color":"#777777","h_link_h_color":"#333333","h_txt":false,"h_icons_size":"20","h_icons_label":"0","h_search_type":"full","h_search_input_bg":"","h_search_input_txt":"","h_search_input_border":"{\"type\":\"solid\",\"width\":\"1\",\"color\":\"#e3e3e3\"}","h_search_width":"50","h_cart_type":"one","h_cart_trigger_bg":"#000000","h_cart_trigger_txt":"#ffffff","h_cart_trigger_padding":"9","h_cart_trigger_qty_bg":"#1bd33f","h_cart_trigger_qty_txt":"#ffffff","tb_status":"1","tb_width":"fullwidth","tb_boxshadow":"{\"switch\":\"0\",\"color\":\"\",\"blur\":\"0\",\"spread\":\"0\",\"horizontal\":\"0\",\"vertical\":\"0\"}","tb_border":"{\"type\":\"none\",\"width\":\"1\",\"color\":\"\"}","tb_bg_color":"#f8f8f8","tb_bg_image":"","tb_bg_attachment":"fixed","tb_bg_repeat":"repeat","tb_bg_position":"left-top","tb_bg_size":"auto","tb_padding":"8","tb_font_size":"12","tb_text_color":"#777777","tb_link_color":"#777777","tb_link_h_color":"#333333","tb_social":"0","tb_social_c_t":"0","tb_social_c_t_h":"0","tb_social_txt":"","tb_social_txt_h":"#19be43","tb_social_size":"14","hm_animation":"fadetop","hm_border_t":"{\"type\":\"none\",\"width\":\"3\",\"color\":\"#521919\"}","hm_border_r":"{\"type\":\"none\",\"width\":\"3\",\"color\":\"#38b82c\"}","hm_border_b":"{\"type\":\"none\",\"width\":\"3\",\"color\":\"#457deb\"}","hm_border_l":"{\"type\":\"none\",\"width\":\"3\",\"color\":\"#a6cc0f\"}","hm_border_i":"{\"type\":\"none\",\"width\":\"1\",\"color\":\"#575757\"}","hm_bg_color":"#000000","hm_bg_image":"","hm_bg_attachment":"fixed","hm_bg_repeat":"repeat","hm_bg_position":"left-top","hm_bg_size":"auto","hm_height":"45","hm_typo":"{\"size\":\"14\",\"bold\":null,\"italic\":null,\"uppercase\":null,\"spacing\":\"0\"}","hm_padding":"15","hm_small_font":"14","hm_small_padding":"10","hm_max_width":"200","hm_btn_position":"left","hm_btn_arrow":"1","hm_btn_color":"#ffffff","hm_btn_color_h":"#333333","hm_btn_bg_color_h":"#f8f8f8","hm_btn_icon":"inline","hm_btn_icon_size":"22","hm_legend_color":"#ca5058","hm_legend_bg_color":"#ffffff","vm_position":"0","vm_animation":"fade","vm_submenu_style":"1","vm_title_text":"0","vm_title_typo":"{\"size\":\"18\",\"bold\":null,\"italic\":null,\"uppercase\":null,\"spacing\":\"0\"}","vm_title_color":"#ffffff","vm_title_bg":"#000000","vm_title_color_h":"#ffffff","vm_title_bg_h":"#000000","vm_title_height":"50","vm_boxshadow":"{\"switch\":\"0\",\"color\":\"rgba(36,18,18,0.35)\",\"blur\":\"13\",\"spread\":\"0\",\"horizontal\":\"0\",\"vertical\":\"0\"}","vm_border":"{\"type\":\"solid\",\"width\":\"1\",\"color\":\"#e3e3e3\"}","vm_border_i":"{\"type\":\"solid\",\"width\":\"1\",\"color\":\"rgba(227,227,227,0.35)\"}","vm_bgcolor":"#ffffff","vm_typo":"{\"size\":\"\",\"bold\":null,\"italic\":null,\"uppercase\":null,\"spacing\":\"\"}","vm_padding":"8","vm_btn_arrow":"1","vm_btn_color":"","vm_btn_color_h":"#333333","vm_btn_bg_color_h":"#f8f8f8","vm_btn_icon_size":"24","vm_legend_color":"#ffffff","vm_legend_bg_color":"#ca5058","msm_bg":"#ffffff","msm_boxshadow":"{\"switch\":\"1\",\"color\":\"rgba(74,63,63,0.15)\",\"blur\":\"25\",\"spread\":\"0\",\"horizontal\":\"0\",\"vertical\":\"15\"}","msm_border":"{\"type\":\"none\",\"width\":\"1\",\"color\":\"#37a625\"}","msm_border_inner":"{\"type\":\"none\",\"width\":\"1\",\"color\":\"\"}","msm_title_typo":"{\"size\":\"14\",\"bold\":\"1\",\"italic\":null,\"uppercase\":\"1\",\"spacing\":\"0\"}","msm_title_border":"{\"type\":\"none\",\"width\":\"3\",\"color\":\"#c2bc29\"}","msm_title_color":"#333333","msm_title_color_h":"","msm_tabs_color":"#777777","msm_tabs_color_h":"#777777","msm_tabs_bg":"#f7f7f7","msm_tabs_bg_h":"#ffffff","msm_color":"","msm_color_h":"#333333","msm_arrows":"1","mm_type":"dropdown","mm_background":"#000000","mm_background_l2":"#1f1f1f","mm_background_l3":"#292929","mm_text":"#dcd3e0","mm_inner_border":"{\"type\":\"none\",\"width\":\"1\",\"color\":\"\"}","mm_border":"{\"type\":\"none\",\"width\":\"1\",\"color\":\"\"}","mm_boxshadow":"{\"switch\":\"0\",\"color\":\"\",\"blur\":\"0\",\"spread\":\"0\",\"horizontal\":\"0\",\"vertical\":\"0\"}","cw_padding_tb":"15","cw_boxshadow":"{\"switch\":\"0\",\"color\":\"\",\"blur\":\"0\",\"spread\":\"0\",\"horizontal\":\"0\",\"vertical\":\"0\"}","cw_border":"{\"type\":\"none\",\"width\":\"1\",\"color\":\"\"}","cw_bg_color":"","cw_bg_image":"","cw_bg_attachment":"fixed","cw_bg_repeat":"repeat","cw_bg_position":"left-top","cw_bg_size":"auto","c_txt_color":"#777777","c_link_color":"#777777","c_link_hover":"#333333","c_page_title_layout":"1","c_page_title_position":"left","c_page_title_color":"#333333","c_page_title_border":"{\"type\":\"solid\",\"width\":\"1\",\"color\":\"#e3e3e3\"}","c_page_title_typo":"{\"size\":\"22\",\"bold\":\"1\",\"italic\":null,\"uppercase\":null,\"spacing\":\"\"}","c_block_title_layout":"1","c_block_title_position":"left","c_block_title_color":"#333333","c_block_title_border":"{\"type\":\"solid\",\"width\":\"1\",\"color\":\"#e3e3e3\"}","c_block_title_typo":"{\"size\":\"16\",\"bold\":\"1\",\"italic\":null,\"uppercase\":null,\"spacing\":\"\"}","c_tabs_txt":"#000000","c_tabs_typo":"{\"size\":\"14\",\"bold\":\"1\",\"italic\":null,\"uppercase\":null,\"spacing\":\"\"}","c_tabs_border_b":"{\"type\":\"solid\",\"width\":\"3\",\"color\":\"#ca5058\"}","sb_block_padding":"0","sb_block_bg":"","sb_block_border":"{\"type\":\"none\",\"width\":\"1\",\"color\":\"\"}","sb_block_title_layout":"1","sb_block_title_position":"left","sb_block_title_color":"#333333","sb_block_title_border":"{\"type\":\"solid\",\"width\":\"1\",\"color\":\"#e3e3e3\"}","sb_block_title_typo":"{\"size\":\"14\",\"bold\":\"1\",\"italic\":null,\"uppercase\":null,\"spacing\":\"0\"}","pl_default_view":"grid","pl_lazyload":"1","pl_rollover":"fade","pl_top_pagination":"0","pl_faceted_position":"0","pl_grid_ld":"5","pl_grid_d":"4","pl_grid_t":"3","pl_grid_p":"2","pl_grid_layout":"1","pl_grid_margin":"0","pl_grid_padding":"0","pl_grid_text_padding":"10","pl_grid_overlay_bg":"rgba(40,44,51,0.93)","pl_grid_name_font":"{\"size\":\"14\",\"bold\":null,\"italic\":null,\"uppercase\":null,\"spacing\":\"\"}","pl_grid_price_font":"{\"size\":\"14\",\"bold\":null,\"italic\":null,\"uppercase\":null,\"spacing\":\"\"}","pl_grid_align":"center","pl_grid_category_name":"0","pl_grid_reference":"0","pl_grid_btn":"0","pl_grid_colors":"0","pl_grid_desc":"0","pl_grid_func_btn":"1","pl_grid_qty":"0","pl_grid_functional_bg":"#ffffff","pl_grid_functional_txt":"","pl_grid_btn_padding":"15","pl_grid_btn_bg":"rgba(0,0,0,1)","pl_grid_btn_color":"#ffffff","pl_grid_btn_border":"{\"type\":\"none\",\"width\":\"1\",\"color\":\"\"}","pl_grid_btn_bg_h":"#ffffff","pl_grid_btn_color_h":"#000000","pl_grid_btn_border_h":"","pl_grid_b_boxshadow":"{\"switch\":\"0\",\"color\":\"\",\"blur\":\"0\",\"spread\":\"0\",\"horizontal\":\"0\",\"vertical\":\"0\"}","pl_grid_b_border":"{\"type\":\"none\",\"width\":\"1\",\"color\":\"\"}","pl_grid_b_colors":"0","pl_grid_b_bg":"#212121","pl_grid_b_text":"#f26718","pl_grid_b_price":"#f7d868","pl_grid_b_rating":"#ffffff","pl_grid_bh_boxshadow":"{\"switch\":\"1\",\"color\":\"rgba(0,0,0,0.15)\",\"blur\":\"25\",\"spread\":\"0\",\"horizontal\":\"0\",\"vertical\":\"0\"}","pl_grid_bh_border_c":"","pl_grid_bh_outline":"{\"type\":\"none\",\"width\":\"1\",\"color\":\"\"}","pl_grid_bh_colors":"0","pl_grid_bh_bg":"#665959","pl_grid_bh_text":"#c0ff0d","pl_grid_bh_price":"#00d1ff","pl_grid_bh_rating":"#ff1717","pl_crsl_style":"middle","pl_crsl_autoplay":"0","pl_crsl_bg":"#333333","pl_crsl_bg_h":"","pl_crsl_txt":"#ffffff","pl_crsl_txt_h":"","pl_crsl_dot":"1","pl_crsl_dot_bg":"#333333","cat_image":"1","cat_desc":"0","cat_sub_thumbs":"0","cat_sub_thumbs_d":"2","cat_sub_thumbs_t":"6","cat_sub_thumbs_p":"3","cat_hide_mobile":"1","pp_thumbs":"bottom","pp_img_width":"4","pp_zoom":"inner","pp_zoom_ui_txt":"#ffffff","pp_zoom_ui_bg":"#333333","pp_img_border":"{\"type\":\"none\",\"width\":\"1\",\"color\":\"\"}","pp_centered_info":"0","pp_sidebar":"2","pp_attributes":"block","pp_price_typo":"{\"size\":\"18\",\"bold\":\"1\",\"italic\":null,\"uppercase\":null,\"spacing\":\"\"}","pp_accesories":"sidebar","pp_tabs":"tabh","pp_tabs_position":"left","brands_layout":"1","fw_padding_tb":"40","fw_border":"{\"type\":\"none\",\"width\":\"1\",\"color\":\"\"}","fw_bg_color":"#f8f8f8","fw_bg_image":"","fw_bg_attachment":"scroll","fw_bg_repeat":"no-repeat","fw_bg_position":"center-center","fw_bg_size":"cover","fw_text":"#777777","fw_link":"#777777","fw_link_h":"#333333","fw_block_title_status":"0","fw_block_title_layout":"1","fw_block_title_position":"left","fw_block_title_color":"#333333","fw_block_title_border":"{\"type\":\"solid\",\"width\":\"1\",\"color\":\"#e3e3e3\"}","fw_block_title_typo":"{\"size\":\"14\",\"bold\":\"1\",\"italic\":null,\"uppercase\":null,\"spacing\":\"0\"}","f_layout":"1","f_fixed":"","f_top_border":"{\"type\":\"none\",\"width\":\"1\",\"color\":\"\"}","f_top_padding":"30","f_top_bg":"#212121","f_top_txt":"#ffffff","f_input_bg":"#ffffff","f_input_txt":"#777777","f_input_btn":"#777777","f_input_btn_h":"#bd4e0f","f_input_border":"{\"type\":\"solid\",\"width\":\"1\",\"color\":\"#e3e3e3\"}","f_newsletter_status":"1","f_social_status":"1","f_social_c_t":"1","f_social_c_t_h":"0","f_social_txt":"#777777","f_social_txt_h":"#c4910e","f_social_size":"19","fc_status":"1","fc_border":"{\"type\":\"none\",\"width\":\"1\",\"color\":\"\"}","fc_padding":"20","fc_bg_color":"#ffffff","fc_img":"https:\/\/placehold.it\/220x60","fc_txt":false,"mcs_layout":"1","mcs_logo":"","mcs_bg_color":"#e3e3e3","mcs_bg_image":"","mcs_bg_attachment":"fixed","mcs_bg_repeat":"no-repeat","mcs_bg_position":"center-center","mcs_bg_size":"cover","mcs_text_color":"#333333","mcs_countdown":"1","mcs_date":"2017-08-31 00:00:00","mcs_social":"1","mcs_newsletter":"1","mcs_form_border":"{\"type\":\"solid\",\"width\":\"1\",\"color\":\"#333333\"}","mcs_form_bg":"#e3e3e3","mcs_form_txt":"#333333","mcs_button_bg":"#000000","mcs_button_txt":"#ffffff","mcs_button_bg_h":"#333333","mcs_button_txt_h":"#ffffff","mcs_header_bg":"rgba(15,15,15,0.25)","mcs_header_txt":"#ffffff","codes_css":"","codes_js":"","codes_body":"","codes_head":""}